Family Number,Name,CNIC,Address,Criminal Record,Type of crime,DNA sequence
13503,Aziz,13503-8218283-5,BOR.House#15.Johar Town.Lahore,TRUE,Murderer,TTTTTTAGCTTATTTCTGTC
13503,Faraz,13503-8847469-7,BOR.House#15.Johar Town.Lahore,TRUE,Domestic abuse,TTTTTTAGCTTATTTGTTTG
20436,Faisal,20436-3725467-6,KAN.House#12.Shahdra bagh.Lahore,TRUE,Child abuse,TTAACCGTAATTTTTGATAT
20436,Zain,20436-1513245-3,KAN.House#12.Shahdra bagh.Lahore,TRUE,Cyber crime,TTAACCGTAATTTTTCGTTT
20436,Manzoor,20436-7463422-2,KAN.House#12.Shahdra bagh.Lahore,TRUE,Rape,TTAACCGTAATTTTTGAAGA
78966,Anees,78966-3546579-4,AFSAR.House#7.gulberg.Lahore,TRUE,Property crime,GGATAGCTGACTAAATTAGC
19283,Maha,19283-9863547-3,KAMAL.House#204.Iqbal Town.Lahore,TRUE,Torture,AACTTCATTTGGTTAACTCG
19283,Maham,19283-5373625-4,KAMAL.House#204.Iqbal Town.Lahore,TRUE,Animal Cruelty,AACTTCATTTGGTTAGGCTG
19283,Laraib,19283-8732526-5,KAMAL.House#204.Iqbal Town.Lahore,TRUE,Acid Attack,AACTTCATTTGGTTATGTAT
75643,Anwar,75643-1267345-0,ASIF.House#33.Cantonment.Lahore,TRUE,religious abuse,ACGCACGCGGTATGGAATGC
99998,Saleem,99998-9363562-0,SANUM.House#47.Muslimabad.Lahore,TRUE,Drug Trafficking,AGTTGTGAAGTGTCTATCAC
99998,Jawad,99998-9363434-3,SANUM.House#47.Muslimabad.Lahore,TRUE,Rape,AGTTGTGAAGTGTCTCCGCA
99998,Afnan,99998-2648585-9,SANUM.House#47.Muslimabad.Lahore,TRUE,Rape,AGTTGTGAAGTGTCTGTATC
99998,Afsana,99998-2812786-0,SANUM.House#47.Muslimabad.Lahore,TRUE,Terrorism,AGTTGTGAAGTGTCTCGTGG
54674,Ali ,54674-9712673-6,ANWAR.House#116.Anarkali.Lahore,TRUE,Molestation,TTGAGTCAGCGTCGAGTCTT
44554,Amir,44554-0238927-1,FARAZ.House#90.Ichhra.Lahore,TRUE,Theft,TCGCCTGAAAACCAGTTGGT
44554,Amsar,44554-1828923-1,FARAZ.House#90.Ichhra.Lahore,TRUE,Rape,TCGCCTGAAAACCAGTGAAA
44554,Farhang,44554-0912892-0,FARAZ.House#90.Ichhra.Lahore,TRUE,Gefalsecide,TCGCCTGAAAACCAGGGTTC
33242,Aneeq,33242-0239283-2,AZIZ.House#220.Awan Town.Lahore,TRUE,Drug Trafficking,GACCAAGGACACACTCGAGC
33242,Areej,33242-9297387-6,AZIZ.House#220.Awan Town.Lahore,TRUE,Murderer,GACCAAGGACACACTTGAGT
33242,Araf,33242-1933838-3,AZIZ.House#220.Awan Town.Lahore,TRUE,religious abuse,GACCAAGGACACACTCCCCC
95954,Amina,95954-0120181-1,AZAN.House#1299.Model Town.Lahore,TRUE,Theft,GAAAACCAGTTGGTGCCCGG
95954,Naveed,95954-0022949-1,AZAN.House#1299.Model Town.Lahore,TRUE,Rape,GAAAACCAGTTGGTGACCAA
25234,Annie,25234-1717171-1,JALAL.House#845.New Super Town.Lahore,TRUE,Terrorism,GGACACACTCGAGCTCCGAT
25234,Aymen,25234-0917262-5,JALAL.House#845.New Super Town.Lahore,TRUE,Theft,GGACACACTCGAGCTGCTTG
25234,Taiba,25234-0099887-7,JALAL.House#845.New Super Town.Lahore,TRUE,Terrorism,GGACACACTCGAGCTTGAGT
25234,Sara,25234-9922773-4,JALAL.House#845.New Super Town.Lahore,TRUE,Rape,GGACACACTCGAGCTGACAT
77777,Hafza,77777-2982718-6,Bijnori.House#335.Bhatti Gate.Lahore,TRUE,Theft,GATAAAGTCCCCCCCCCAGC
77777,Momina,77777-2211721-9,Bijnori.House#335.Bhatti Gate.Lahore,TRUE,Theft,GATAAAGTCCCCCCCGTTAC
77777,Hajira,77777-2272542-5,Bijnori.House#335.Bhatti Gate.Lahore,TRUE,Rape,GATAAAGTCCCCCCCGAGTG
